Smiles,nM-value,vVirus name
CCCCCCCCCCCCSCCCCCCCCCCCCC(=O)NCCCCCCCCCCC(=O)NCCC(=O)[O-].[Na+],62219.64983,Hantaan virus
CCCCCCCCCCCCSCCCCC(=O)NCCCCCCCCCCC(=O)NCCC(=O)[O-].[Na+],86373.68712,Hantaan virus
NC(=O)c1ncn([C@@H]2O[C@H](CO)[C@@H](O)[C@H]2O)n1,2500,Hantaan virus
CO[C@@H]1[C@H]2OC(C)(C)O[C@H]2O[C@@H]1C(=O)c1cnc2sc(C(=O)c3ccccc3)cn12,18500,Hantaan virus
CO[C@@H]1[C@H]2OC(C)(C)O[C@H]2O[C@@H]1C(=O)c1cnc2sc(C(=O)c3ccc(Br)cc3)cn12,1100,Hantaan virus
CO[C@@H]1[C@H]2OC(C)(C)O[C@H]2O[C@@H]1C(=O)c1cnc2sc(C(=O)c3ccc(Cl)cc3)cn12,800,Hantaan virus
CO[C@@H]1[C@H]2OC(C)(C)O[C@H]2O[C@@H]1C(=O)c1cnc2sc(C(=O)c3ccc(F)cc3)cn12,78300,Hantaan virus
CC(=O)O[C@@H]1[C@H]2OC(C)(C)O[C@H]2O[C@@H]1C(=O)c1cnc2sc(C(=O)c3ccccc3)cn12,7900,Hantaan virus
CC(=O)O[C@@H]1[C@H]2OC(C)(C)O[C@H]2O[C@@H]1C(=O)c1cnc2sc(C(=O)c3ccc(Br)cc3)cn12,5600,Hantaan virus
CC(=O)O[C@@H]1[C@H]2OC(C)(C)O[C@H]2O[C@@H]1C(=O)c1cnc2sc(C(=O)c3ccc(Cl)cc3)cn12,7500,Hantaan virus
CC(=O)O[C@@H]1[C@H]2OC(C)(C)O[C@H]2O[C@@H]1C(=O)c1cnc2sc(C(=O)c3ccc(F)cc3)cn12,4900,Hantaan virus
CO[C@@H]1[C@H]2OC(C)(C)O[C@H]2O[C@@H]1C(=O)c1cn2cc(C(=O)c3ccccc3)nc2s1,12300,Hantaan virus
CO[C@@H]1[C@H]2OC(C)(C)O[C@H]2O[C@@H]1C(=O)c1cn2cc(C(=O)c3ccc(Br)cc3)nc2s1,4300,Hantaan virus
CO[C@@H]1[C@H]2OC(C)(C)O[C@H]2O[C@@H]1C(=O)c1cn2cc(C(=O)c3ccc(Cl)cc3)nc2s1,11900,Hantaan virus
CO[C@@H]1[C@H]2OC(C)(C)O[C@H]2O[C@@H]1C(=O)c1cn2cc(C(=O)c3ccc(F)cc3)nc2s1,2900,Hantaan virus
Nc1ncc(Br)c2c1ncn2[C@@H]1C=C(CO)[C@@H](O)[C@H]1O,94,Hantaan virus
NC(=O)c1nc(F)cnc1O,5000,Hantaan virus
COc1ccc(-n2cnc3cc(NCc4ccc(C(C)C)cc4)ccc32)cc1,0.62,Hantaan virus
CCOc1ccc(-c2c[nH]c3cc(NCc4ccc(CC)cc4)ccc23)cc1,12,Hantaan virus
CCOc1ccc(-n2cnc3cc(NCc4ccc(CC)cc4)cnc32)cc1,7.9,Hantaan virus
CCOc1ccc(-n2nnc3cc(NCc4ccc(CC)cc4)cnc32)cc1,14,Hantaan virus
CCOc1ccc(-n2cnc3cc(CNc4ccc(CC)cc4)ccc32)cc1,5,Hantaan virus
COc1ccc(-n2cnc3cc(N(Cc4ccc(C(C)C)cc4)S(=O)(=O)c4ccc(C)cc4)ccc32)cc1,16,Hantaan virus
COc1ccc(CNc2ccc3c(c2)ncn3-c2ccc(OC)cc2)cc1,7.7,Hantaan virus
C/C(=N\NC(=O)[C@@H]1C[C@H]1c1ccccc1)c1ccc(NC(=O)c2ccco2)cc1,800,Hantaan virus
CCCCCCCCCCCCSCCCCCCCCCCCCCCCCCCCCCCCCCCCCCCCCC(=O)N(CC)CCCCCCCCCCC(=O)[O-].[Na+],21537.5669,Hantaan virus
COc1ccc(-n2cnc3cc(NCc4ccc(C)cc4)ccc32)cc1,0.2,Hantaan virus
OCc1cn([C@@H]2O[C@H](CO)[C@@H](O)[C@H]2O)nn1,50700,Hantaan virus
CCC(CC)COC(=O)[C@H](C)N[P@](=O)(OC[C@H]1O[C@@](C#N)(c2ccc3c(N)ncnn23)[C@H](O)[C@@H]1O)Oc1ccccc1,470,Hantaan virus
CC1(C)O[C@@H]2[C@H](O1)[C@@H](Cn1cc(COC[C@H]3OC(O)[C@H](O)[C@@H](O)[C@H]3O)nn1)O[C@H]2n1cc(COCC(COCc2cn([C@@H]3O[C@H](Cn4cc(COC[C@H]5OC(O)[C@H](O)[C@@H](O)[C@H]5O)nn4)[C@H]4OC(C)(C)O[C@H]43)nn2)(COCc2cn([C@@H]3O[C@H](Cn4cc(COC[C@H]5OC(O)[C@H](O)[C@@H](O)[C@H]5O)nn4)[C@H]4OC(C)(C)O[C@H]43)nn2)COCc2cn([C@@H]3O[C@H](Cn4cc(COC[C@H]5OC(O)[C@H](O)[C@@H](O)[C@H]5O)nn4)[C@H]4OC(C)(C)O[C@H]43)nn2)nn1,116600,Hantaan virus
CCCCn1cc(COC[C@H]2OC(O)[C@H](O)[C@@H](O)[C@H]2O)nn1,112900,Hantaan virus
C=CCn1c2ccccc2c(=O)c2ccc(Cl)cc21,2500,Hantaan virus
CC1(C)O[C@@H]2[C@H](O1)[C@@H](CO)O[C@H]2n1cc(CO)nn1,51300,Hantaan virus
CC1(C)O[C@H]2[C@H](OCc3cn(CC(Cn4cc(CO[C@@H]5O[C@H](Cn6cc(COC[C@@H](O)[C@H](O)[C@H](O)[C@@H](O)CO)nn6)[C@H]6OC(C)(C)O[C@@H]56)nn4)(Cn4cc(CO[C@@H]5O[C@H](Cn6cc(COC[C@H](O)[C@@H](O)[C@@H](O)[C@H](O)CO)nn6)[C@H]6OC(C)(C)O[C@@H]56)nn4)Cn4cc(CO[C@@H]5O[C@H](Cn6cc(COC[C@H](O)[C@@H](O)[C@@H](O)[C@H](O)CO)nn6)[C@H]6OC(C)(C)O[C@@H]56)nn4)nn3)O[C@H](Cn3cc(COC[C@@H](O)[C@H](O)[C@H](O)[C@@H](O)CO)nn3)[C@H]2O1,314000,Hantaan virus
CCCCn1cc(CO[C@@H]2O[C@H](CN=[N+]=[N-])[C@H]3OC(C)(C)O[C@@H]23)nn1,13200,Hantaan virus
CC(=O)OC[C@H]1O[C@@H](n2cc(CO)nn2)[C@H](OC(C)=O)[C@@H]1OC(C)=O,129600,Hantaan virus
CCCCn1cc(CO[C@@H]2O[C@H](CO)[C@H]3OC(C)(C)O[C@@H]23)nn1,55900,Hantaan virus
OC1O[C@H](COCc2cn(CC(Cn3cc(COC[C@H]4OC(O)[C@H](O)[C@@H](O)[C@H]4O)nn3)(Cn3cc(COC[C@H]4OC(O)[C@H](O)[C@@H](O)[C@H]4O)nn3)Cn3cc(COC[C@H]4OC(O)[C@H](O)[C@@H](O)[C@H]4O)nn3)nn2)[C@H](O)[C@H](O)[C@H]1O,313600,Hantaan virus
CC1(C)O[C@H]2[C@H](OCc3cn(CC(Cn4cc(CO[C@@H]5O[C@H](CO)[C@H]6OC(C)(C)O[C@@H]56)nn4)(Cn4cc(CO[C@@H]5O[C@H](CO)[C@H]6OC(C)(C)O[C@@H]56)nn4)Cn4cc(CO[C@@H]5O[C@H](CO)[C@H]6OC(C)(C)O[C@@H]56)nn4)nn3)O[C@H](CO)[C@H]2O1,33400,Hantaan virus
CCCCn1cc(CO[C@@H]2O[C@H](Cn3cc(COC[C@@H](O)[C@H](O)[C@H](O)[C@@H](O)CO)nn3)[C@H]3OC(C)(C)O[C@@H]23)nn1,208700,Hantaan virus
C=CCn1c2cc(Cl)ccc2c(=O)c2cccc(OC)c21,2500,Hantaan virus
CCCCn1cc(CO[C@@H]2O[C@H](Cn3cc(COC[C@H]4OC(O)[C@H](O)[C@@H](O)[C@H]4O)nn3)[C@H]3OC(C)(C)O[C@@H]23)nn1,20600,Hantaan virus
CC(C)Oc1ccc(-c2ccc3ncn(-c4ccc(OC(C)C)cc4)c3n2)cc1,3.66,Hantaan virus
CC(C)Oc1ccc(-c2ccn3cnc(-c4ccc(OC(C)C)cc4)c3c2)cc1,21.77,Hantaan virus
CC(C)Oc1ccc(-c2ccc3ncc(-c4ccc5[nH]ccc5c4)n3c2)cc1,0.73,Hantaan virus
CC(C)Oc1ccc(-c2ncc3ncn(-c4ccc(OC(C)C)cc4)c3n2)cc1,3.1,Hantaan virus
CC(C)Oc1ccc(-c2cnc3ccc(-c4ccc(OC(C)(C)O)cc4)cn23)cc1,0.54,Hantaan virus
Cc1c(-c2ccc(OC(C)C)cc2)ccc2ncc(-c3ccc(OC(C)C)cc3)n12,0.17,Hantaan virus
CC(=O)c1ccc(-c2ccc3ncc(-c4ccc(OC(C)C)cc4)n3c2)cc1,0.62,Hantaan virus
CC(C)Nc1ccc(-c2ccc3ncc(-c4ccc(OC(C)C)cc4)n3c2)cc1,0.16,Hantaan virus
CC(C)Oc1ccc(-c2ccc3ncc(-c4ccc(OC(C)C)cc4)n3n2)cc1,0.94,Hantaan virus
CC(C)Oc1ccc(-c2ccc3ncc(-c4ccc(OC(C)(C)O)cc4)n3c2)cc1,0.21,Hantaan virus
CC(C)Oc1ccc(-c2cnc3ccc(-c4ccc(OC(C)(C)C)cc4)cn23)cc1,0.12,Hantaan virus
CC(C)OC(=O)c1ccc(-c2ccc3ncc(-c4ccc(OC(C)C)cc4)n3c2)cc1,0.64,Hantaan virus
Cc1cc2nnn(-c3ccc(OC(C)C)cc3)c2cc1-c1ccc(OC(C)C)cc1,0.21,Hantaan virus
CC(C)Oc1ccc(-c2cnc3ccc(-c4ccc(OC(F)F)cc4)cn23)cc1,4.62,Hantaan virus
CC(C)Oc1ccc(-c2ccc3nnn(-c4ccc(OC(C)C)cc4)c3c2)cc1,0.72,Hantaan virus
CC(C)Oc1ccc(-c2ccc3ncc(-c4ccc(OC(C)C)nc4)n3c2)cc1,0.59,Hantaan virus
CC(C)Oc1ccc(-c2ccc3ncc(-c4ccc(OC(C)(C)C)cc4)n3c2)cc1,0.06,Hantaan virus
Cc1cc2ncc(-c3ccc(OC(C)C)cc3)n2cc1-c1ccc(OC(C)C)cc1,0.16,Hantaan virus
CC(C)Oc1ccc(-c2cnc3ccc(-c4ccc(O)cc4)cn23)cc1,7.02,Hantaan virus
CC(C)Oc1ccc(-c2ccc3ncn(-c4ccc(OC(C)C)cc4)c3c2)cc1,0.12,Hantaan virus
CC(C)Oc1ccc(-c2cnc3ccc(-c4ccc(OC5CC5)cc4)cn23)cc1,1.17,Hantaan virus
CC(C)Oc1ccc(-c2cnc3ccc(-c4ccc5[nH]ccc5c4)cn23)cc1,1.07,Hantaan virus
COc1cc2ncc(-c3ccc(OC(C)C)cc3)n2cc1-c1ccc(OC(C)C)cc1,2.38,Hantaan virus
CC(C)Oc1ccc(-c2cnc3ncc(-c4ccc(OC(C)C)cc4)n3c2)cc1,0.34,Hantaan virus
CC(C)Oc1ccc(-c2cnc3ccc(-c4ccc(OC(C)C)nc4)cn23)cc1,1.33,Hantaan virus
CC(C)Oc1ccc(-c2cn3c(-c4ccc(OC(C)C)cc4)cnc3cn2)cc1,2.6,Hantaan virus
CC(C)Oc1ccc(-c2cnc3ccc(-c4ccc(C5(N)CC5)cc4)cn23)cc1,2.85,Hantaan virus
CC(C)Oc1ccc(-c2cnc3ccc(-c4cnn(C5CC5)c4)cn23)cc1,6.38,Hantaan virus
CC(C)Oc1ccc(-c2ccc3nnc(-c4ccc(OC(C)C)cc4)n3c2)cc1,1,Hantaan virus
CC(C)Oc1ccc(-c2ccc3cnn(-c4ccc(OC(C)C)cc4)c3c2)cc1,13.98,Hantaan virus
CC(C)Oc1ccc(-c2cc3c(cn2)ncn3-c2ccc(OC(C)C)cc2)cc1,4.39,Hantaan virus
Cc1cc(-c2ccc(OC(C)C)cc2)cn2c(-c3ccc(OC(C)C)cc3)cnc12,4.65,Hantaan virus
CC(C)Oc1ccc(-c2ccc3ncc(-c4cccc(OC(C)C)c4)n3c2)cc1,11.7,Hantaan virus
Cc1cc(OC(C)C)ccc1-c1ccc2ncc(-c3ccc(OC(C)C)cc3)n2c1,0.31,Hantaan virus
CC(C)Oc1ccc(-c2ccc3ncc(-c4ccc(OC5CC5)cc4)n3c2)cc1,0.65,Hantaan virus
CC(=O)c1ccc(-c2cnc3ccc(-c4ccc(OC(C)C)cc4)cn23)cc1,1.6,Hantaan virus
CC(C)Oc1ccc(-c2ccc3[nH]nc(-c4ccc(OC(C)C)cc4)c3c2)cc1,3.22,Hantaan virus
Cc1cc2ncc(-c3ccc(OC(C)(C)C)cc3)n2cc1-c1ccc(OC(C)C)cc1,0.3,Hantaan virus
Cc1cc2ncn(-c3ccc(OC(C)C)cc3)c2cc1-c1ccc(OC(C)C)cc1,0.11,Hantaan virus
Cc1cc(-c2ccc3ncc(-c4ccc(OC(C)C)cc4)n3c2)ccc1OC(C)C,0.19,Hantaan virus
CC(C)Oc1ccc(-c2cn3c(-c4ccc(OC(C)C)cc4)cnc3cc2C#N)cc1,0.22,Hantaan virus
Cc1cc2ncn(-c3ccc(OC(C)(C)C)cc3)c2cc1-c1ccc(OC(C)(C)O)cc1,0.9,Hantaan virus
CC(C)Oc1ccc(-c2ccc3ncc(-c4ccc(OC(C)C)cc4)n3c2)cc1,0.31,Hantaan virus
CC(C)Oc1ccc(-c2ccc3ccn(-c4ccc(OC(C)C)cc4)c3c2)cc1,0.89,Hantaan virus
COCCN1CN(C2c3ccccc3CCc3ccccc32)n2cc(C(=O)O)c(=O)c(O)c2C1=O,5,Hantaan virus
Cc1ccc2c(c1)C(N1CN(C(C)C)C(=O)c3c(O)c(=O)c(C(=O)O)cn31)c1cc(C)ccc1CC2,176,Hantaan virus
Nc1ncnn2c([C@@H]3N[C@H](CO)[C@@H](O)[C@H]3O)ccc12,280,Hantaan virus
CC(C)N1CN(Cc2ccccc2-c2ccccc2)n2cc(C(=O)O)c(=O)c(O)c2C1=O,437,Hantaan virus
O=C(Nc1nnn[nH]1)c1cn2c(c(O)c1=O)C(=O)N(CC1CC1)CN2C1c2ccccc2CCc2ccccc21,404,Hantaan virus
O=C(NO)c1cn2c(c(O)c1=O)C(=O)N(CC1CC1)CN2C1c2ccccc2CCc2ccccc21,120,Hantaan virus
O=C(O)c1cn2c(c(O)c1=O)C(=O)N(CC1CCCC1)CN2C1c2ccccc2CCc2ccccc21,25,Hantaan virus
Cc1cccc2c1CCc1c(C)cccc1C2N1CN(C(C)C)C(=O)c2c(O)c(=O)c(C(=O)O)cn21,3.1,Hantaan virus
CCN1CN(C2c3ccccc3CCc3ccccc32)n2cc(C(=O)O)c(=O)c(O)c2C1=O,3.3,Hantaan virus
CC(C)N1CN(C2c3ccccc3CCc3ccccc32)n2cc(C(=O)O)c(=O)c(O)c2C1=O,2.4,Hantaan virus
CC(C)N1CN(C2c3ccccc3CSc3ccccc32)n2cc(C(=O)O)c(=O)c(O)c2C1=O,3.6,Hantaan virus
COC(=O)c1cn2c(c(O)c1=O)C(=O)N(CC1CC1)CN2C1c2ccccc2CCc2ccccc21,271,Hantaan virus
O=C(O)c1cn2c(c(O)c1=O)C(=O)N(C1CC1)CN2C1c2ccccc2CCc2ccccc21,13.4,Hantaan virus
O=C(O)c1cn2c(c(O)c1=O)C(=O)N(CC1CC1)CN2C1c2ccccc2CCc2ccccc21,5.8,Hantaan virus
CN1CN(C2c3ccccc3CCc3ccccc32)n2cc(C(=O)O)c(=O)c(O)c2C1=O,9.2,Hantaan virus
O=C(O)c1cn2c(c(O)c1=O)C(=O)N(CC1CCCCC1)CN2C1c2ccccc2CCc2ccccc21,20,Hantaan virus
Cc1ccc2c(c1)CCc1cc(C)ccc1C2N1CN(C(C)C)C(=O)c2c(O)c(=O)c(C(=O)O)cn21,34,Hantaan virus
O=C1c2c(O)c(=O)c(-c3noc(=O)[nH]3)cn2N(C2c3ccccc3CCc3ccccc32)CN1CC1CC1,189,Hantaan virus
C#Cc1cccc(Nc2ncnc3cc(OCCOC)c(OCCOC)cc23)c1,1700,Hantaan virus
C=CSC[C@H]1OC(n2cnc3c(N)ncnc32)[C@H](O)[C@@H]1O,65000,Hantaan virus
C/C(O)=C(/C#N)C(=O)Nc1ccc(C(F)(F)F)cc1,16000,Hantaan virus
COc1ccc(-n2cnc3cc(NCc4ccco4)ccc32)cc1,1200,Hantaan virus
NCC(=O)Nc1ccc(-n2nc(C(F)(F)F)cc2-c2ccc3c(ccc4ccccc43)c2)cc1,500,Hantaan virus
COc1ccc(-n2cnc3cc(NCc4ccc(C(C)C)cc4)ccc32)cc1,1.4,Hantaan virus
CCOc1ccc(-n2c(N)nc3cc(NCc4ccc(CC)cc4)ccc32)cc1,29,Hantaan virus
CCOc1ccc(-n2c(O)nc3cc(NCc4ccc(CC)cc4)ccc32)cc1,1800,Hantaan virus
CCOc1ccc(-n2cnc3cc(NCc4ccc(CC)cc4)cc(C(=O)OC)c32)cc1,220,Hantaan virus
CCOc1ccc(-n2cnc3cc(NCc4ccc(CC)cc4)cc(N)c32)cc1,620,Hantaan virus
CCOc1ccc(-n2cnc3cc(NCCc4ccc(CC)cc4)cnc32)cc1,65,Hantaan virus
CCOc1ccc(-n2cnc3cc(NCCCc4ccc(CC)cc4)cnc32)cc1,210,Hantaan virus
CCOc1ccc(-n2cnc3cc(/N=C/c4ccc(CC)cc4)cnc32)cc1,4300,Hantaan virus
CCOc1ccc(Cn2cnc3cc(NCc4ccc(CC)cc4)cnc32)cc1,1600,Hantaan virus
CCc1ccc(CNc2cnc3c(c2)ncn3-c2ccc(O)cc2)cc1,19,Hantaan virus
CCc1ccc(CNc2cnc3c(c2)ncn3-c2ccc(OCCCO)cc2)cc1,13,Hantaan virus
CCc1ccc(CNc2cnc3c(c2)ncn3-c2ccc(OCCN(C)C)cc2)cc1,80,Hantaan virus
CCc1ccc(CNc2cnc3c(c2)ncn3-c2ccc(NC(C)=O)cc2)cc1,11,Hantaan virus
CCOc1ccc(-n2cnc3cc(NCc4ccc(CC)cc4)cnc32)cc1N(C)C,250,Hantaan virus
CCOc1ccc(-n2cnc3cc(NCc4ccc(CC)cc4)cnc32)c(CN)c1,1500,Hantaan virus
CCOc1ccc(-n2cnc3cc(NCc4ccc(CC)cc4)cnc32)cc1CN,58,Hantaan virus
CCOc1ccc(-n2cnc3cc(NCc4ccc(CC)c(N(C)C)c4)cnc32)cc1,5.9,Hantaan virus
CCOc1ccc(-n2cnc3cc(NCc4ccc(CC)c(CN)c4)cnc32)cc1,26,Hantaan virus
CCOc1ccc(-n2cnc3cc(NCc4ccc(CC)cc4)ccc32)cc1,1.5,Hantaan virus
CCOc1ccc(-n2c(C)nc3cc(NCc4ccc(CC)cc4)ccc32)cc1,1.9,Hantaan virus
CCCc1nc2cc(NCc3ccc(CC)cc3)ccc2n1-c1ccc(OCC)cc1,170,Hantaan virus
CCOc1ccc(-n2c(C#N)nc3cc(NCc4ccc(CC)cc4)ccc32)cc1,1.6,Hantaan virus
CCOc1ccc(-n2c(C(=O)O)nc3cc(NCc4ccc(CC)cc4)ccc32)cc1,1.5,Hantaan virus
CCOc1ccc(-n2c(C(N)=O)nc3cc(NCc4ccc(CC)cc4)ccc32)cc1,9.2,Hantaan virus
CCOc1ccc(-n2ccc3cc(NCc4ccc(CC)cc4)ccc32)cc1,69,Hantaan virus
CCOc1ccc(-c2c[nH]c3cc(NCc4ccc(CC)cc4)ccc23)cc1,13,Hantaan virus
COc1ccc(-n2ncc3cc(NCc4ccc(C(C)C)cc4)ccc32)cc1,130,Hantaan virus
CCOc1ccc(-n2nnc3cc(NCc4ccc(CC)cc4)ccc32)cc1,6.1,Hantaan virus
CCOc1ccc(-c2cnc3cc(NCc4ccc(CC)cc4)ccn23)cc1,9.3,Hantaan virus
CCOc1ccc(-n2ccc3cc(NCc4ccc(CC)cc4)cnc32)cc1,25,Hantaan virus
CCOc1ccc(-n2cnc3nc(NCc4ccc(CC)cc4)ccc32)cc1,6.8,Hantaan virus
CCOc1ccc(-n2cnc3cc(NCc4ccc(CC)cc4)cnc32)cc1,0.16,Hantaan virus
CCOc1ccc(-n2nnc3cc(NCc4ccc(CC)cc4)cnc32)cc1,0.87,Hantaan virus
CCOc1ccc(-n2c(C(N)=O)nc3cc(NCc4ccc(CC)cc4)cnc32)cc1,4.4,Hantaan virus
CCOc1ccc(-n2c(C(=O)O)nc3cc(NCc4ccc(CC)cc4)cnc32)cc1,0.16,Hantaan virus
CCOc1ccc(-n2cnc3cc(NCc4ccc(CC)cc4)cnc32)cn1,9,Hantaan virus
CCOc1ccc(-n2cnc3cc(NCc4ccc(CC)cc4)cnc32)nc1,0.98,Hantaan virus
CC(C)c1ccc(CNc2ccc3c(c2)ncn3-c2ccccc2)cc1,5.2,Hantaan virus
CCc1ccc(-n2cnc3cc(NCc4ccc(C(C)C)cc4)ccc32)cc1,1.9,Hantaan virus
CCCCc1ccc(-n2cnc3cc(NCc4ccc(C(C)C)cc4)ccc32)cc1,4.4,Hantaan virus
CC(C)c1ccc(CNc2ccc3c(c2)ncn3-c2ccc(C(C)(C)C)cc2)cc1,4,Hantaan virus
CCCCOc1ccc(-n2cnc3cc(NCc4ccc(C(C)C)cc4)ccc32)cc1,5.6,Hantaan virus
CC(C)c1ccc(CNc2ccc3c(c2)ncn3-c2ccc(OC(C)(C)C)cc2)cc1,8.6,Hantaan virus
CC(C)c1ccc(CNc2ccc3c(c2)ncn3-c2ccc(Cc3ccccc3)cc2)cc1,120,Hantaan virus
CC(C)c1ccc(CNc2ccc3c(c2)ncn3-c2ccc(Oc3ccccc3)cc2)cc1,130,Hantaan virus
CC(C)c1ccc(CNc2ccc3c(c2)ncn3-c2ccc(OCCc3ccccc3)cc2)cc1,43,Hantaan virus
CC(C)c1ccc(CNc2ccc3c(c2)ncn3-c2ccc(Oc3ccc4ccccc4c3)cc2)cc1,540,Hantaan virus
CCc1ccc(CNc2ccc3c(c2)ncn3-c2ccc(OC)nc2)cc1,32,Hantaan virus
CCc1ccc(CNc2ccc3c(c2)ncn3-c2ccc(OC)cn2)cc1,5.8,Hantaan virus
CCc1ccc(CNc2ccc3c(c2)ncn3-c2ccc(OC)nn2)cc1,81,Hantaan virus
CCc1ccc(CNc2ccc3c(c2)ncn3-c2cnc(OC)nc2)cc1,450,Hantaan virus
Cc1ccc(CNc2ccc3c(c2)ncn3C2CCCCC2)cc1,320,Hantaan virus
CCc1ccc(CNc2ccc3c(c2)ncn3-c2ccc(OC)cc2)cc1,1.2,Hantaan virus
CCCCc1ccc(CNc2ccc3c(c2)ncn3-c2ccc(OC)cc2)cc1,1.5,Hantaan virus
COc1ccc(-n2cnc3cc(NCc4ccc(C(C)(C)C)cc4)ccc32)cc1,1.1,Hantaan virus
CCOc1ccc(CNc2ccc3c(c2)ncn3-c2ccc(OC)cc2)cc1,4,Hantaan virus
CCCCOc1ccc(CNc2ccc3c(c2)ncn3-c2ccc(OC)cc2)cc1,6,Hantaan virus
COc1ccc(-n2cnc3cc(NCc4ccc(OC(C)(C)C)cc4)ccc32)cc1,5.2,Hantaan virus
COc1ccc(-n2cnc3cc(NCc4ccc(Cl)cc4)ccc32)cc1,47,Hantaan virus
COc1ccc(-n2cnc3cc(NCc4ccc(Cc5ccccc5)cc4)ccc32)cc1,46,Hantaan virus
COc1ccc(-n2cnc3cc(NCc4ccc(Oc5ccccc5)cc4)ccc32)cc1,380,Hantaan virus
COc1ccc(-n2cnc3cc(NCc4cccc5ccccc45)ccc32)cc1,69,Hantaan virus
COc1ccc(-n2cnc3cc(NCc4ccc(OCCN(C)C)cc4)ccc32)cc1,3300,Hantaan virus
COc1ccc(-n2cnc3cc(NCc4ccc(CN(C)C)cc4)ccc32)cc1,270,Hantaan virus
COc1ccc(-n2cnc3cc(NCc4ccc(CN5CCCCC5)cc4)ccc32)cc1,1400,Hantaan virus
COc1ccc(-n2cnc3cc(NCc4ccc(CN5CCOCC5)cc4)ccc32)cc1,790,Hantaan virus
COc1ccc(-n2cnc3cc(NCc4ccc(CN5CCN(C)CC5)cc4)ccc32)cc1,16000,Hantaan virus
CCOc1ccc(-n2cnc3cc(NCc4ccc(CC(=O)O)cc4)ccc32)cc1,1300,Hantaan virus
COc1ccc(-n2cnc3cc(NCc4ccc(OC)c(OC)c4)ccc32)cc1,700,Hantaan virus
COc1ccc(-n2cnc3cc(NCc4cccc(OC)c4)ccc32)cc1,35,Hantaan virus
COc1ccc(-n2cnc3cc(NCc4cccc(OC)c4OC)ccc32)cc1,160,Hantaan virus
COc1ccc(-n2cnc3cc(NCc4ccccc4OC)ccc32)cc1,460,Hantaan virus
COc1ccc(-n2cnc3cc(NCc4ccccc4O)ccc32)cc1,310,Hantaan virus
CCOc1ccc(-n2cnc3cc(NCc4ccc(C)nc4)ccc32)cc1,240,Hantaan virus
CCOc1ccc(-n2cnc3cc(NCc4ccc(C)cn4)ccc32)cc1,350,Hantaan virus
CCOc1ccc(-n2cnc3cc(NCc4cnc(CC)nc4)ccc32)cc1,450,Hantaan virus
CCOc1ccc(-n2cnc3cc(CNc4ccc(CC)cc4)ccc32)cc1,11,Hantaan virus
COc1ccc(-n2cnc3cc(N(C)Cc4ccc(C(C)C)cc4)ccc32)cc1,57,Hantaan virus
COc1ccc(-n2cnc3cc(N(Cc4ccc(C(C)C)cc4)S(=O)(=O)c4ccc(C)cc4)ccc32)cc1,110,Hantaan virus
COc1ccc(-n2cnc3cc(N(Cc4ccc(C(C)C)cc4)C(C)=O)ccc32)cc1,380,Hantaan virus
CC(C)c1ccc(CNc2ccc3ncn(-c4ccc(OC(C)(C)C)cc4)c3c2)cc1,180,Hantaan virus
COc1ccc(CNc2ccc3c(c2)ncn3-c2ccc(OC)cc2)cc1,11,Hantaan virus
C/C(=N\NC(=O)[C@@H]1C[C@H]1c1ccccc1)c1ccc(N)cc1,19000,Hantaan virus
O=C(N/N=C/c1ccccc1)[C@@H]1C[C@H]1c1ccccc1,25,Hantaan virus
C/C(=N\NC(=O)[C@H]1C[C@H]1c1ccccc1)c1ccc(NC(=O)c2ccco2)cc1,0.9,Hantaan virus
C/C(=N\NC(=O)[C@@H]1C[C@H]1c1ccccc1)c1ccc(N(C)C)cc1,390,Hantaan virus
CC(C)/C(=N\NC(=O)[C@H]1C[C@H]1c1ccccc1)c1ccccc1,850,Hantaan virus
C/C(=N\NC(=O)[C@@H]1C[C@H]1c1ccccc1)c1ccc(NC(=O)c2ccco2)cc1,0.34,Hantaan virus
C/C(=N\NC(=O)[C@@H]1C[C@H]1c1ccccc1)c1ccccc1,47,Hantaan virus
C/C(=N\NC(=O)[C@@H]1C[C@H]1c1ccccc1)c1ccccc1Cl,320,Hantaan virus
C/C(=N\NC(=O)[C@@H]1C[C@H]1c1ccccc1)c1ccc(Cl)cc1,20,Hantaan virus
C/C(=N\NC(=O)[C@@H]1C[C@H]1c1ccccc1)c1cccc(Br)c1,56,Hantaan virus
C/C(=N\NC(=O)[C@@H]1C[C@H]1c1ccccc1)c1ccc(Br)cc1,470,Hantaan virus
C/C(=N\NC(=O)[C@@H]1C[C@H]1c1ccccc1)c1cccc([N+](=O)[O-])c1,250,Hantaan virus
C/C(=N\NC(=O)[C@@H]1C[C@H]1c1ccccc1)c1ccc([N+](=O)[O-])cc1,62,Hantaan virus
C/C(=N\NC(=O)[C@@H]1C[C@H]1c1ccccc1)c1ccccc1O,570,Hantaan virus
C/C(=N\NC(=O)[C@@H]1C[C@H]1c1ccccc1)c1cccc(O)c1,94,Hantaan virus
C/C(=N\NC(=O)[C@@H]1C[C@H]1c1ccccc1)c1ccc(O)cc1,2.3,Hantaan virus
COc1cccc(/C(C)=N/NC(=O)[C@@H]2C[C@H]2c2ccccc2)c1,42,Hantaan virus
COc1ccc(/C(C)=N/NC(=O)[C@@H]2C[C@H]2c2ccccc2)cc1,4,Hantaan virus
C/C(=N\NC(=O)[C@@H]1C[C@H]1c1ccccc1)c1cccc(C)c1,58,Hantaan virus
C/C(=N\NC(=O)[C@@H]1C[C@H]1c1ccccc1)c1ccc(C)cc1,9,Hantaan virus
C/C(=N\NC(=O)[C@@H]1C[C@H]1c1ccccc1)c1cccc(C)c1C,800,Hantaan virus
C/C(=N\NC(=O)[C@@H]1C[C@H]1c1ccccc1)c1ccc(C)cc1C,170,Hantaan virus
C/C(=N\NC(=O)[C@@H]1C[C@H]1c1ccccc1)c1ccc(C)c(C)c1,3.9,Hantaan virus
C/C(=N\NC(=O)[C@@H]1C[C@H]1c1ccccc1)c1ccc(Cl)c(Cl)c1,72,Hantaan virus
COc1ccc(/C(C)=N/NC(=O)[C@@H]2C[C@H]2c2ccccc2)cc1OC,450,Hantaan virus
C/C(=N\NC(=O)[C@@H]1C[C@H]1c1ccccc1)c1ccc(C2CCCCC2)cc1,24,Hantaan virus
C/C(=N\NC(=O)[C@@H]1C[C@H]1c1ccccc1)c1ccc(-c2ccccc2)cc1,1.3,Hantaan virus
CC(=O)Nc1ccc(/C(C)=N/NC(=O)[C@@H]2C[C@H]2c2ccccc2)cc1,2.6,Hantaan virus
C/C(=N\NC(=O)[C@@H]1C[C@H]1c1ccccc1)c1ccc(NC(=O)C2CC2)cc1,2.1,Hantaan virus
C/C(=N\NC(=O)[C@@H]1C[C@H]1c1ccccc1)c1cccc(NC(=O)c2cccs2)c1,6300,Hantaan virus
C/C(=N\NC(=O)[C@@H]1C[C@H]1c1ccccc1)c1ccc(NC(=O)c2ccc(Cl)s2)cc1,0.95,Hantaan virus
C/C(=N\NC(=O)[C@H]1C[C@@H]1c1ccccc1)c1ccc(NC(=O)c2ccco2)cc1,0.34,Hantaan virus
C/C(=N\NC(=O)[C@@H]1C[C@H]1c1ccc(C(C)(C)C)cc1)c1ccccc1,15,Hantaan virus
C/C(=N\NC(=O)[C@@H]1C[C@H]1c1ccc(C(C)(C)C)cc1)c1ccc(Cl)cc1,6.6,Hantaan virus
C/C(=N\NC(=O)[C@@H]1C[C@H]1c1ccccc1)c1ccc(F)cc1,52,Hantaan virus
C/C(=N\NC(=O)[C@@H]1C[C@H]1c1ccc(C(C)(C)C)cc1)c1ccc(F)cc1,16,Hantaan virus
C/C(=N\NC(=O)[C@@H]1C[C@H]1c1ccccc1)c1cccc(NC(=O)c2ccccc2F)c1,9100,Hantaan virus
C/C(=N\NC(=O)[C@@H]1C[C@H]1c1ccc(C(C)(C)C)cc1)c1cccc(NC(=O)c2ccccc2F)c1,770,Hantaan virus
CN1CCC(Nc2ncc3ncnc(Nc4ccc(F)c(Cl)c4)c3n2)CC1,3200,Hantaan virus
COc1ccc(-n2cnc3cc(NCc4ccc(C)cc4)ccc32)cc1,1.6,Hantaan virus
CCC(CC)COC(=O)[C@H](C)N[P@](=O)(OC[C@H]1O[C@@](C#N)(c2ccc3c(N)ncnn23)[C@H](O)[C@@H]1O)Oc1ccccc1,1480,Hantaan virus
CC(C)Oc1ccc(-c2ccc3ncn(-c4ccc(OC(C)C)cc4)c3n2)cc1,0.82,Hantaan virus
CC(C)Oc1ccc(-c2ccn3cnc(-c4ccc(OC(C)C)cc4)c3c2)cc1,20.92,Hantaan virus
CC(C)Oc1ccc(-c2ccc3ncc(-c4ccc5[nH]ccc5c4)n3c2)cc1,8.41,Hantaan virus
CC(C)Oc1ccc(-c2ncc3ncn(-c4ccc(OC(C)C)cc4)c3n2)cc1,10.71,Hantaan virus
CC(C)Oc1ccc(-c2cnc3ccc(-c4ccc(OC(C)(C)O)cc4)cn23)cc1,1.11,Hantaan virus
Cc1c(-c2ccc(OC(C)C)cc2)ccc2ncc(-c3ccc(OC(C)C)cc3)n12,0.32,Hantaan virus
CC(=O)c1ccc(-c2ccc3ncc(-c4ccc(OC(C)C)cc4)n3c2)cc1,0.29,Hantaan virus
CC(C)Nc1ccc(-c2ccc3ncc(-c4ccc(OC(C)C)cc4)n3c2)cc1,0.56,Hantaan virus
CC(C)Oc1ccc(-c2ccc3ncc(-c4ccc(OC(C)C)cc4)n3n2)cc1,1.5,Hantaan virus
CC(C)Oc1ccc(-c2ccc3ncc(-c4ccc(OC(C)(C)O)cc4)n3c2)cc1,0.85,Hantaan virus
CC(C)Oc1ccc(-c2cnc3ccc(-c4ccc(OC(C)(C)C)cc4)cn23)cc1,0.67,Hantaan virus
CC(C)OC(=O)c1ccc(-c2ccc3ncc(-c4ccc(OC(C)C)cc4)n3c2)cc1,4.98,Hantaan virus
Cc1cc2nnn(-c3ccc(OC(C)C)cc3)c2cc1-c1ccc(OC(C)C)cc1,1.05,Hantaan virus
CC(C)Oc1ccc(-c2cnc3ccc(-c4ccc(OC(F)F)cc4)cn23)cc1,4.35,Hantaan virus
CC(C)Oc1ccc(-c2ccc3nnn(-c4ccc(OC(C)C)cc4)c3c2)cc1,2.82,Hantaan virus
CC(C)Oc1ccc(-c2ccc3ncc(-c4ccc(OC(C)C)nc4)n3c2)cc1,3.61,Hantaan virus
CC(C)Oc1ccc(-c2ccc3ncc(-c4ccc(OC(C)(C)C)cc4)n3c2)cc1,0.4,Hantaan virus
Cc1cc2ncc(-c3ccc(OC(C)C)cc3)n2cc1-c1ccc(OC(C)C)cc1,0.42,Hantaan virus
CC(C)Oc1ccc(-c2cnc3ccc(-c4ccc(O)cc4)cn23)cc1,2.69,Hantaan virus
CC(C)Oc1ccc(-c2ccc3ncn(-c4ccc(OC(C)C)cc4)c3c2)cc1,0.82,Hantaan virus
CC(C)Oc1ccc(-c2cnc3ccc(-c4ccc(OC5CC5)cc4)cn23)cc1,7.25,Hantaan virus
CC(C)Oc1ccc(-c2cnc3ccc(-c4ccc5[nH]ccc5c4)cn23)cc1,2.03,Hantaan virus
COc1cc2ncc(-c3ccc(OC(C)C)cc3)n2cc1-c1ccc(OC(C)C)cc1,13.72,Hantaan virus
CC(C)Oc1ccc(-c2cnc3ncc(-c4ccc(OC(C)C)cc4)n3c2)cc1,1.24,Hantaan virus
CC(C)Oc1ccc(-c2cnc3ccc(-c4ccc(OC(C)C)nc4)cn23)cc1,6.07,Hantaan virus
CC(C)Oc1ccc(-c2cn3c(-c4ccc(OC(C)C)cc4)cnc3cn2)cc1,2.95,Hantaan virus
CC(C)Oc1ccc(-c2cnc3ccc(-c4ccc(C5(N)CC5)cc4)cn23)cc1,7.97,Hantaan virus
CC(C)Oc1ccc(-c2cnc3ccc(-c4cnn(C5CC5)c4)cn23)cc1,13.36,Hantaan virus
CC(C)Oc1ccc(-c2ccc3nnc(-c4ccc(OC(C)C)cc4)n3c2)cc1,9.6,Hantaan virus
CC(C)Oc1ccc(-c2cc3c(cn2)ncn3-c2ccc(OC(C)C)cc2)cc1,17.75,Hantaan virus
Cc1cc(-c2ccc(OC(C)C)cc2)cn2c(-c3ccc(OC(C)C)cc3)cnc12,15.48,Hantaan virus
CC(C)Oc1ccc(-c2ccc3ncc(-c4cccc(OC(C)C)c4)n3c2)cc1,14.46,Hantaan virus
Cc1cc(OC(C)C)ccc1-c1ccc2ncc(-c3ccc(OC(C)C)cc3)n2c1,18.13,Hantaan virus
CC(C)Oc1ccc(-c2ccc3ncc(-c4ccc(OC5CC5)cc4)n3c2)cc1,1.35,Hantaan virus
CC(=O)c1ccc(-c2cnc3ccc(-c4ccc(OC(C)C)cc4)cn23)cc1,0.67,Hantaan virus
CC(C)Oc1ccc(-c2ccc3[nH]nc(-c4ccc(OC(C)C)cc4)c3c2)cc1,10.5,Hantaan virus
Cc1cc2ncc(-c3ccc(OC(C)(C)C)cc3)n2cc1-c1ccc(OC(C)C)cc1,0.68,Hantaan virus
Cc1cc2ncn(-c3ccc(OC(C)C)cc3)c2cc1-c1ccc(OC(C)C)cc1,0.65,Hantaan virus
Cc1cc(-c2ccc3ncc(-c4ccc(OC(C)C)cc4)n3c2)ccc1OC(C)C,2.35,Hantaan virus
CC(C)Oc1ccc(-c2cn3c(-c4ccc(OC(C)C)cc4)cnc3cc2C#N)cc1,1.4,Hantaan virus
Cc1cc2ncn(-c3ccc(OC(C)(C)C)cc3)c2cc1-c1ccc(OC(C)(C)O)cc1,4,Hantaan virus
CC(C)Oc1ccc(-c2ccc3ncc(-c4ccc(OC(C)C)cc4)n3c2)cc1,1.03,Hantaan virus
O=C(c1cc2ccccc2s1)N1CC(=O)N(Cc2ccc(Cl)cc2)C(Cc2ccccc2)C1,2100,Hantaan virus
Cc1ccc(CN2C(=O)CN(C(=O)c3ccc(C)cc3)CC2CCc2ccccc2)cc1,1200,Hantaan virus
COc1ccc(CN2C(=O)CN(C(=O)c3cc4ccccc4[nH]3)CC2CCc2ccccc2)cc1,1700,Hantaan virus
COc1ccc(CN2C(=O)CN(C(=O)c3cc4ccccc4o3)CC2CCc2ccccc2)cc1,1000,Hantaan virus
Cc1ccc(CN2C(=O)CN(C(=O)c3cc4ccccc4o3)C[C@H]2Cc2ccccc2)cc1,3000,Hantaan virus
O=C(c1cc2ccccc2o1)N1CC(=O)N(Cc2cccc(C(F)(F)F)c2)C(Cc2ccccc2)C1,1800,Hantaan virus
COc1ccc(CN2C(=O)CN(C(=O)c3cc4ccccc4[nH]3)CC2Cc2ccccc2)cc1,1200,Hantaan virus
COc1ccc(C(=O)N2CC(=O)N(Cc3ccc(C)cc3)C(CCc3ccccc3)C2)cc1,400,Hantaan virus
COc1ccc(CN2C(=O)CN(C(=O)c3cc4ccccc4s3)CC2CCc2ccccc2)cc1,500,Hantaan virus
Cc1ccc(CN2C(=O)CN(Cc3cc4ccccc4o3)C[C@@H]2Cc2ccccc2)cc1,10000,Hantaan virus
Cc1ccc(CN2C(=O)CN(C(=O)c3cc4ccccc4o3)CC2Cc2ccccc2)cc1,800,Hantaan virus
CCC1CN(C(=O)c2cc3ccccc3o2)CC(=O)N1Cc1cccc(C(F)(F)F)c1,1600,Hantaan virus
CCC1CN(C(=O)c2cc3ccccc3[nH]2)CC(=O)N1Cc1cccc(C(F)(F)F)c1,2400,Hantaan virus
O=C(c1cc2ccccc2o1)N1CC(=O)N(Cc2ccc(Cl)cc2)C(Cc2ccccc2)C1,800,Hantaan virus
COc1ccc(CN2C(=O)CN(C(=O)c3cc4ccccc4o3)CC2Cc2ccccc2)cc1,600,Hantaan virus
Cc1ccc(CN2C(=O)CN(C(=O)c3cc4ccccc4o3)C[C@@H]2Cc2ccccc2)cc1,200,Hantaan virus
Cc1ccc(CN2CCN(C(=O)c3cc4ccccc4o3)C[C@@H]2Cc2ccccc2)cc1,3100,Hantaan virus
NC(=O)c1ncn([C@@H]2O[C@H](CO)[C@@H](O)[C@H]2O)n1,3500,Hantaan virus
COCCN1CN(C2c3ccccc3CCc3ccccc32)n2cc(C(=O)O)c(=O)c(O)c2C1=O,5.3,Hantaan virus
Cc1ccc2c(c1)C(N1CN(C(C)C)C(=O)c3c(O)c(=O)c(C(=O)O)cn31)c1cc(C)ccc1CC2,100,Hantaan virus
CC(C)N1CN(Cc2ccccc2-c2ccccc2)n2cc(C(=O)O)c(=O)c(O)c2C1=O,499,Hantaan virus
O=C(Nc1nnn[nH]1)c1cn2c(c(O)c1=O)C(=O)N(CC1CC1)CN2C1c2ccccc2CCc2ccccc21,284,Hantaan virus
O=C(NO)c1cn2c(c(O)c1=O)C(=O)N(CC1CC1)CN2C1c2ccccc2CCc2ccccc21,109,Hantaan virus
O=C(O)c1cn2c(c(O)c1=O)C(=O)N(CC1CCCC1)CN2C1c2ccccc2CCc2ccccc21,17,Hantaan virus
Cc1cccc2c1CCc1c(C)cccc1C2N1CN(C(C)C)C(=O)c2c(O)c(=O)c(C(=O)O)cn21,1.7,Hantaan virus
CCN1CN(C2c3ccccc3CCc3ccccc32)n2cc(C(=O)O)c(=O)c(O)c2C1=O,6.2,Hantaan virus
CC(C)N1CN(C2c3ccccc3CCc3ccccc32)n2cc(C(=O)O)c(=O)c(O)c2C1=O,4.5,Hantaan virus
CC(C)N1CN(C2c3ccccc3CSc3ccccc32)n2cc(C(=O)O)c(=O)c(O)c2C1=O,8,Hantaan virus
COC(=O)c1cn2c(c(O)c1=O)C(=O)N(CC1CC1)CN2C1c2ccccc2CCc2ccccc21,305,Hantaan virus
O=C(O)c1cn2c(c(O)c1=O)C(=O)N(C1CC1)CN2C1c2ccccc2CCc2ccccc21,7.8,Hantaan virus
O=C(O)c1cn2c(c(O)c1=O)C(=O)N(CC1CC1)CN2C1c2ccccc2CCc2ccccc21,4.1,Hantaan virus
CN1CN(C2c3ccccc3CCc3ccccc32)n2cc(C(=O)O)c(=O)c(O)c2C1=O,24,Hantaan virus
O=C(O)c1cn2c(c(O)c1=O)C(=O)N(CC1CCCCC1)CN2C1c2ccccc2CCc2ccccc21,15,Hantaan virus
Cc1ccc2c(c1)CCc1cc(C)ccc1C2N1CN(C(C)C)C(=O)c2c(O)c(=O)c(C(=O)O)cn21,13,Hantaan virus
O=C1c2c(O)c(=O)c(-c3noc(=O)[nH]3)cn2N(C2c3ccccc3CCc3ccccc32)CN1CC1CC1,119,Hantaan virus
O=C1c2c(O)c(=O)c(-c3nnn[nH]3)cn2N(C2c3ccccc3CCc3ccccc32)CN1CC1CC1,127,Hantaan virus
COc1ccc(-n2cnc3cc(NCc4ccc(C(C)C)cc4)ccc32)cc1,3.1,Hantaan virus
CCOc1ccc(-c2c[nH]c3cc(NCc4ccc(CC)cc4)ccc23)cc1,40,Hantaan virus
CCOc1ccc(-n2cnc3cc(NCc4ccc(CC)cc4)cnc32)cc1,28,Hantaan virus
CCOc1ccc(-n2nnc3cc(NCc4ccc(CC)cc4)cnc32)cc1,81,Hantaan virus
CCOc1ccc(-n2cnc3cc(CNc4ccc(CC)cc4)ccc32)cc1,12,Hantaan virus
COc1ccc(-n2cnc3cc(N(Cc4ccc(C(C)C)cc4)S(=O)(=O)c4ccc(C)cc4)ccc32)cc1,40,Hantaan virus
COc1ccc(CNc2ccc3c(c2)ncn3-c2ccc(OC)cc2)cc1,45,Hantaan virus
C/C(=N\NC(=O)[C@@H]1C[C@H]1c1ccccc1)c1ccc(NC(=O)c2ccco2)cc1,730,Hantaan virus
COc1ccc(-n2cnc3cc(NCc4ccc(C)cc4)ccc32)cc1,0.2,Hantaan virus
CC(C)Oc1ccc(-c2ccc3ncn(-c4ccc(OC(C)C)cc4)c3n2)cc1,5.21,Hantaan virus
CC(C)Oc1ccc(-c2ccc3ncc(-c4ccc5[nH]ccc5c4)n3c2)cc1,2.68,Hantaan virus
CC(C)Oc1ccc(-c2ncc3ncn(-c4ccc(OC(C)C)cc4)c3n2)cc1,19.55,Hantaan virus
CC(C)Oc1ccc(-c2cnc3ccc(-c4ccc(OC(C)(C)O)cc4)cn23)cc1,0.72,Hantaan virus
Cc1c(-c2ccc(OC(C)C)cc2)ccc2ncc(-c3ccc(OC(C)C)cc3)n12,0.16,Hantaan virus
CC(=O)c1ccc(-c2ccc3ncc(-c4ccc(OC(C)C)cc4)n3c2)cc1,1.22,Hantaan virus
CC(C)Nc1ccc(-c2ccc3ncc(-c4ccc(OC(C)C)cc4)n3c2)cc1,0.2,Hantaan virus
CC(C)Oc1ccc(-c2ccc3ncc(-c4ccc(OC(C)C)cc4)n3n2)cc1,5.32,Hantaan virus
CC(C)Oc1ccc(-c2ccc3ncc(-c4ccc(OC(C)(C)O)cc4)n3c2)cc1,0.34,Hantaan virus
CC(C)Oc1ccc(-c2cnc3ccc(-c4ccc(OC(C)(C)C)cc4)cn23)cc1,0.16,Hantaan virus
CC(C)OC(=O)c1ccc(-c2ccc3ncc(-c4ccc(OC(C)C)cc4)n3c2)cc1,4.27,Hantaan virus
Cc1cc2nnn(-c3ccc(OC(C)C)cc3)c2cc1-c1ccc(OC(C)C)cc1,0.52,Hantaan virus
CC(C)Oc1ccc(-c2cnc3ccc(-c4ccc(OC(F)F)cc4)cn23)cc1,23.94,Hantaan virus
CC(C)Oc1ccc(-c2ccc3nnn(-c4ccc(OC(C)C)cc4)c3c2)cc1,1.4,Hantaan virus
CC(C)Oc1ccc(-c2ccc3ncc(-c4ccc(OC(C)C)nc4)n3c2)cc1,2.32,Hantaan virus
CC(C)Oc1ccc(-c2ccc3ncc(-c4ccc(OC(C)(C)C)cc4)n3c2)cc1,0.11,Hantaan virus
Cc1cc2ncc(-c3ccc(OC(C)C)cc3)n2cc1-c1ccc(OC(C)C)cc1,0.25,Hantaan virus
CC(C)Oc1ccc(-c2cnc3ccc(-c4ccc(O)cc4)cn23)cc1,18.58,Hantaan virus
CC(C)Oc1ccc(-c2ccc3ncn(-c4ccc(OC(C)C)cc4)c3c2)cc1,0.46,Hantaan virus
CC(C)Oc1ccc(-c2cnc3ccc(-c4ccc(OC5CC5)cc4)cn23)cc1,2.7,Hantaan virus
CC(C)Oc1ccc(-c2cnc3ccc(-c4ccc5[nH]ccc5c4)cn23)cc1,1.69,Hantaan virus
COc1cc2ncc(-c3ccc(OC(C)C)cc3)n2cc1-c1ccc(OC(C)C)cc1,3.92,Hantaan virus
CC(C)Oc1ccc(-c2cnc3ncc(-c4ccc(OC(C)C)cc4)n3c2)cc1,1.65,Hantaan virus
CC(C)Oc1ccc(-c2cnc3ccc(-c4ccc(OC(C)C)nc4)cn23)cc1,0.75,Hantaan virus
CC(C)Oc1ccc(-c2cn3c(-c4ccc(OC(C)C)cc4)cnc3cn2)cc1,12.56,Hantaan virus
CC(C)Oc1ccc(-c2cnc3ccc(-c4ccc(C5(N)CC5)cc4)cn23)cc1,7.69,Hantaan virus
CC(C)Oc1ccc(-c2ccc3nnc(-c4ccc(OC(C)C)cc4)n3c2)cc1,2.56,Hantaan virus
CC(C)Oc1ccc(-c2cc3c(cn2)ncn3-c2ccc(OC(C)C)cc2)cc1,14.61,Hantaan virus
Cc1cc(-c2ccc(OC(C)C)cc2)cn2c(-c3ccc(OC(C)C)cc3)cnc12,6.56,Hantaan virus
CC(C)Oc1ccc(-c2ccc3ncc(-c4cccc(OC(C)C)c4)n3c2)cc1,20.62,Hantaan virus
Cc1cc(OC(C)C)ccc1-c1ccc2ncc(-c3ccc(OC(C)C)cc3)n2c1,0.42,Hantaan virus
CC(C)Oc1ccc(-c2ccc3ncc(-c4ccc(OC5CC5)cc4)n3c2)cc1,2.09,Hantaan virus
CC(=O)c1ccc(-c2cnc3ccc(-c4ccc(OC(C)C)cc4)cn23)cc1,13.96,Hantaan virus
Cc1cc2ncc(-c3ccc(OC(C)(C)C)cc3)n2cc1-c1ccc(OC(C)C)cc1,0.17,Hantaan virus
Cc1cc2ncn(-c3ccc(OC(C)C)cc3)c2cc1-c1ccc(OC(C)C)cc1,0.17,Hantaan virus
Cc1cc(-c2ccc3ncc(-c4ccc(OC(C)C)cc4)n3c2)ccc1OC(C)C,0.21,Hantaan virus
CC(C)Oc1ccc(-c2cn3c(-c4ccc(OC(C)C)cc4)cnc3cc2C#N)cc1,0.25,Hantaan virus
Cc1cc2ncn(-c3ccc(OC(C)(C)C)cc3)c2cc1-c1ccc(OC(C)(C)O)cc1,0.12,Hantaan virus
CC(C)Oc1ccc(-c2ccc3ncc(-c4ccc(OC(C)C)cc4)n3c2)cc1,0.47,Hantaan virus
CC(C)Oc1ccc(-c2ccc3ccn(-c4ccc(OC(C)C)cc4)c3c2)cc1,20.64,Hantaan virus
Nc1ncnn2c([C@@H]3N[C@H](CO)[C@@H](O)[C@H]3O)ccc12,200,Hantaan virus
NC(=O)c1ncn([C@@H]2O[C@H](CO)[C@@H](O)[C@H]2O)n1,13000,Hantaan virus
Nc1ncc(Br)c2c1ncn2[C@@H]1C=C(CO)[C@@H](O)[C@H]1O,1200,Hantaan virus
NC(=O)c1nc(F)cnc1O,6000,Hantaan virus
Nc1ncc(F)c2c1ncn2[C@@H]1C[C@H](CO)[C@@H](O)[C@H]1O,24000,Hantaan virus
Nc1ncc(F)c2c1ncn2[C@@H]1C[C@H](CCO)[C@@H](O)[C@H]1O,30000,Hantaan virus
Nc1cccc2c1ncn2[C@@H]1C(F)=C(CO)[C@@H](O)[C@H]1O,57600,Hantaan virus
Nc1ncc(Br)c2c1ncn2C1=CC[C@@H](O)[C@H]1O,960,Hantaan virus
Nc1nccc2c1ncn2[C@H]1C=C(CO)[C@H](O)[C@@H]1O,3431.578145,Hantaan virus
Nc1ncnn2c([C@@H]3N[C@H](CO)[C@@H](O)[C@H]3O)ccc12,300,Hantaan virus
Nc1nc(F)cc2c1ncn2C1=C[C@H](CO)[C@@H](O)[C@H]1O,2570,Hantaan virus
C[C@H](NP(=O)(OC[C@H]1O[C@@H](n2cnc(C(N)=O)n2)[C@H](O)[C@@H]1O)Oc1cccc2ccccc12)C(=O)OCc1ccccc1,100000,Hantaan virus
NC(=O)c1ncn([C@@H]2O[C@H](COP(=O)(N[C@@H](Cc3ccccc3)C(=O)OCc3ccccc3)Oc3cccc4ccccc34)[C@@H](O)[C@H]2O)n1,100000,Hantaan virus
NC(=O)c1ncn([C@@H]2O[C@H](COP(=O)(NCC(=O)OCc3ccccc3)Oc3cccc4ccccc34)[C@@H](O)[C@H]2O)n1,58000,Hantaan virus
CC(C(=O)NCc1ccccc1)c1cccc(C(OC(=O)NCc2ccccc2)c2ccccc2)c1,11000,Hantaan virus
O=c1c2ccccc2nc(-c2ccccc2)n1/N=C/c1ccccc1O,8788.118464,Hantaan virus
NC(=O)C(N)O,2000000,Hantaan virus
NC(=O)c1ncn([C@@H]2O[C@H](CO)[C@@H](O)[C@H]2O)n1,29000,Hantaan virus
CN1O[C@H](CO)C[C@@H]1c1cc2ccccc2c2ccccc12,32723.18233,Hantaan virus
Nc1ncnc2c1sc1ncn([C@H]3C[C@H](O)[C@@H](CO)O3)c12,100000,Hantaan virus
Nc1ncc(Br)c2c1ncn2[C@@H]1C=C(CO)[C@@H](O)[C@H]1O,250,Hantaan virus
NC(=O)c1nc(F)cnc1O,191000,Hantaan virus
O=c1[nH]cc([C@@H]2C=C(CO)[C@@H](O)[C@H]2O)c(=O)[nH]1,65000,Hantaan virus
Nc1nc(O)c2[nH]cc([C@@H]3C=C(CO)[C@@H](O)[C@H]3O)c2n1,2500,Hantaan virus
COc1cc(CC(C)(O)c2ccc(F)cc2)nc(OC)n1,120000,Hantaan virus
C#Cc1cn(C/C=C2\OC(=O)C(O)=C2O)c(=O)[nH]c1=O,4000,Hantaan virus
Nc1ncc(Cl)c2c1ncn2[C@@H]1C[C@H](O)[C@@H](O)[C@H]1O,24000,Hantaan virus
CCCCCCCCCCCCCCCCOCCCOP(=O)([O-])CO[C@H](C)Cn1cnc2c(N)nc(N)nc21.[Na+],19778.15503,Hantaan virus
CCCCCCCCCCCCCCCCOCCOP1(=O)CO[C@@H](Cn2cnc(N)nc2=O)CO1,30151.70074,Hantaan virus
O=C1N[C@H]2[C@H](O)[C@H](O)[C@@H](O)C[C@@H]2c2cc3c(cc21)OCO3,194.3601459,Hantaan virus
C=CCNC(=S)Nc1ccc(-c2n[nH]c(=S)n2CC)cc1,250422.5881,Hantaan virus
O=c1[nH]c(=O)n(C2C=CC(O)C2)cc1-c1ccco1,20000,Hantaan virus
O=c1ccn([C@H]2S[C@@H](CO)[C@H](O)[C@H]2O)c(=O)[nH]1,1536865.563,Hantaan virus
O=c1ccn([C@@H]2S[C@@H](CO)[C@H](O)[C@H]2O)c(=O)[nH]1,1536865.563,Hantaan virus
Nc1ncnc2c1ncn2[C@@H]1S[C@@H](CO)[C@H](O)[C@H]1O,1411880.978,Hantaan virus
Nc1ncnc2c1ncn2[C@H]1S[C@@H](CO)[C@H](O)[C@H]1O,1411880.978,Hantaan virus
Nc1ccn(C2S[C@@H](CO)[C@H](O)[C@H]2O)c(=O)n1,1542674.226,Hantaan virus
Cc1cn([C@H]2S[C@@H](CO)[C@H](O)[C@H]2O)c(=O)[nH]c1=O,1458257.382,Hantaan virus
O=C1O/C(=C\Cn2cnc3ccn(C/C=C4\OC(=O)C(OCc5ccccc5)=C4OCc4ccccc4)c3c2=O)C(OCc2ccccc2)=C1OCc1ccccc1,6700,Hantaan virus
O=C1O/C(=C\Cn2cnc3c(F)nc(F)c(Cl)c32)C(OCc2ccccc2)=C1OCc1ccccc1,12000,Hantaan virus
O=C1O/C(=C\Cn2cnc3c(Cl)c(F)nc(F)c32)C(OCc2ccccc2)=C1OCc1ccccc1,12000,Hantaan virus
Cc1cn([C@@H]2S[C@@H](CO)[C@H](O)[C@H]2O)c(=O)[nH]c1=O,1458257.382,Hantaan virus
COc1cc(/C=C(\C)c2ccc(F)cc2)nc(OC)n1,40000,Hantaan virus
CC(C)=CCc1cn(C/C=C2\OC(=O)C(OCc3ccccc3)=C2OCc2ccccc2)c(=O)[nH]c1=O,4000,Hantaan virus
COc1nc(C)c(-c2ccccc2)c(OC)n1,40000,Hantaan virus
O[C@H]1[C@H]2c3cc4c(cc3CN3CCC(=C[C@@H]1O)[C@H]23)OCO4,1740.280533,Hantaan virus
C/C(=C/CP(=O)(N[C@@H](C)C(=O)OC(C)C)Oc1cccc2c1CCCC2)Cn1cc(C)c(=O)[nH]c1=O,45000,Hantaan virus
COc1cc(NC(C)CCCNC(=O)/C=C/C(=O)Nc2cccc(C(F)(F)F)c2)c2ncccc2c1,3100,Hantaan virus
COc1cc(NC(C)CCCNC(=O)/C=C/C(=O)Nc2cccc(Cl)c2)c2ncccc2c1,3100,Hantaan virus
O=C1N[C@H]2[C@H](O)[C@H](O)[C@@H](O)C[C@H]2c2cc3c(c(O)c21)OCO3,7113.525399,Hantaan virus
O=C1N[C@H]2[C@H](O)[C@H](O)[C@@H](O)C[C@@H]2c2cc3c(c(O)c21)OCO3,25.86736509,Hantaan virus
Cc1cc(C)cc(S(=O)(=O)c2c(C(=O)NCCS(N)(=O)=O)[nH]c3ccc(Cl)cc23)c1,20000,Hantaan virus
O=c1[nH]c2c(c3cc4c(c(O)c13)OCO4)C[C@H](O)[C@@H](O)[C@H]2O,911.2803489,Hantaan virus
O=c1[nH]c2c(c3cc4c(cc13)OCO4)C[C@H](O)[C@@H](O)[C@H]2O,24720.18128,Hantaan virus
CC(=O)O[C@@H]1[C@@H](O)[C@@H](O)[C@@H]2NC(=O)c3cc4c(cc3[C@H]2[C@H]1O)OCO4,13378.49762,Hantaan virus
CC(=O)O[C@@H]1[C@@H](OC(C)=O)[C@H](O)[C@@H]2c3cc4c(cc3C(=O)N[C@H]2[C@@H]1OC(C)=O)OCO4,5741.978456,Hantaan virus
CC(=O)Oc1c2c(cc3c1C(=O)N[C@H]1[C@H](OC(C)=O)[C@H](OC(C)=O)[C@@H](OC(C)=O)C[C@@H]31)OCO2,25135.10117,Hantaan virus
O=C1N[C@@H]2C(=C[C@H](O)[C@@H](O)[C@H]2O)c2cc3c(cc21)OCO3,144.2010575,Hantaan virus
Cc1cn(CN(CCOC(=O)C(C)(C)C)S(=O)(=O)c2ccccc2[N+](=O)[O-])c(=O)[nH]c1=O,100000,Hantaan virus
Nc1ncnc2c1ncn2C[C@H](O)CO,229434.5395,Hantaan virus
O=C1N[C@H]2[C@H](O)[C@H](O)[C@@H](O)C[C@H]2c2cc3c(cc21)OCO3,47735.95199,Hantaan virus
CC(C)(C)C(=O)OCCN(Cn1cc(F)c(=O)[nH]c1=O)S(=O)(=O)c1cccc([N+](=O)[O-])c1,100000,Hantaan virus
Nc1ncnn2c([C@@H]3N[C@H](CO)[C@@H](O)[C@H]3O)ccc12,270,Hantaan virus
O=C(c1ccc([N+](=O)[O-])cc1)n1ccnc1-c1cccc([N+](=O)[O-])c1,295613.1016,Hantaan virus
COc1cc2c(cc1O)[C@@H]1[C@H](O)[C@@H](O)C=C3CCN(C2)[C@H]31,2073.75661,Hantaan virus
CO[C@@H]1C=C[C@@]23c4cc5c(cc4C(O)O[C@H]2CN(C)[C@H]3C1)OCO5,1840.842563,Hantaan virus
Nc1ccn([C@@H]2C=C(CO)[C@@H](O)[C@H]2O)c(=O)n1,4221.878527,Hantaan virus
COc1c(C)c2c(c(O)c1C/C=C(\C)CCC(=O)O)C(=O)OC2,6100,Hantaan virus
O=C1N[C@H]2[C@H](O)[C@H](O)[C@@H](O)[C@H](O)[C@@H]2c2cc3c(cc21)OCO3,2134.05762,Hantaan virus
O=C1N[C@@H]2C(=C[C@H](O)[C@@H](O)[C@H]2O)c2cc3c(c(O)c21)OCO3,24.08383779,Hantaan virus
Nc1ncnc2c([C@@H]3N[C@H](CO)[C@@H](O)[C@H]3O)c[nH]c12,23000,Hantaan virus
CNC(=O)c1cc(Oc2ccc(NC(=O)Nc3ccc(Cl)c(C(F)(F)F)c3)cc2)ccn1,3900,Hantaan virus
NC(=O)c1ncn([C@@H]2O[C@H](CO)[C@@H](O)[C@H]2O)n1,37300,Hantaan virus
Nc1ncc(Br)c2c1ncn2[C@@H]1C[C@H](CO)[C@@H](O)[C@H]1O,58300,Hantaan virus
NC(=O)c1nc(F)cnc1O,32000,Hantaan virus
O=C1N[C@H]2[C@H](O)[C@H](O)[C@@H](O)C[C@@H]2c2cc3c(cc21)OCO3,852.4567804,Hantaan virus
Nc1ncc(F)c2c1ncn2[C@@H]1C[C@H](CO)[C@@H](O)[C@H]1O,56000,Hantaan virus
Nc1ncc(F)c2c1ncn2[C@@H]1C[C@H](CCO)[C@@H](O)[C@H]1O,34000,Hantaan virus
Nc1ncc(F)c2c1ncn2[C@@H]1C=C(CO)[C@@H](O)[C@H]1O,6400,Hantaan virus
Nc1ncc(F)c2c1ncn2[C@@H]1C=C(CCO)[C@@H](O)[C@H]1O,1300,Hantaan virus
O[C@H]1[C@H]2c3cc4c(cc3CN3CCC(=C[C@@H]1O)[C@H]23)OCO4,3236.921792,Hantaan virus
Nc1ncc(Br)c2c1ncn2[C@H]1C=C[C@H](O)[C@@H]1O,99633.60545,Hantaan virus
O=C1N[C@H]2[C@H](O)[C@H](O)[C@@H](O)[C@H](O)[C@@H]2c2cc3c(c(O)c21)OCO3,491.8990377,Hantaan virus
O=C1N[C@H]2[C@H](O)[C@H](O)[C@@H](O)C[C@H]2c2cc3c(c(O)c21)OCO3,4526.78889,Hantaan virus
O=c1[nH]c2c(c3cc4c(c(O)c13)OCO4)C[C@H](O)[C@@H](O)[C@H]2O,10740.08983,Hantaan virus
O=c1[nH]c2c(c3cc4c(cc13)OCO4)C[C@H](O)[C@@H](O)[C@H]2O,34333.58511,Hantaan virus
CC(=O)O[C@@H]1[C@@H](O)[C@@H](O)[C@@H]2NC(=O)c3cc4c(cc3[C@H]2[C@H]1O)OCO4,15655.68871,Hantaan virus
O=C1N[C@@H]2C(=C[C@H](O)[C@@H](O)[C@H]2O)c2cc3c(cc21)OCO3,515.0037767,Hantaan virus
Nc1ncnc2c([C@@H]3N[C@H](CO)[C@@H](O)[C@H]3O)n[nH]c12,4200,Hantaan virus
Nc1nc(F)cc2c1ncn2C1=C[C@H](CO)[C@@H](O)[C@H]1O,22100,Hantaan virus
CC(C)OC(=O)[C@H](C)N[P@](=O)(OC[C@H]1N[C@@H](c2ccc3c(N)ncnn23)[C@H](O)[C@@H]1O)Oc1ccccc1,990,Hantaan virus
COc1cc2c(cc1O)[C@@H]1[C@H](O)[C@@H](O)C=C3CCN(C2)[C@H]31,2177.444441,Hantaan virus
Cc1c(C(N)=O)ncn1C1O[C@H](CO)[C@@H](O)[C@H]1O,1800000,Hantaan virus
NC(=O)c1ncn(C2O[C@H](CO)[C@@H](O)[C@H]2O)c1SCc1ccccc1,1000000,Hantaan virus
CSc1c(C(N)=O)ncn1C1O[C@H](CO)[C@@H](O)[C@H]1O,1800000,Hantaan virus
CS(=O)(=O)c1c(C(N)=O)ncn1C1O[C@H](CO)[C@@H](O)[C@H]1O,8700,Hantaan virus
CO[C@@H]1C=C[C@@]23c4cc5c(cc4C(O)O[C@H]2CN(C)[C@H]3C1)OCO5,8751.54661,Hantaan virus
O=C1N[C@H]2[C@H](O)[C@H](O)[C@@H](O)[C@H](O)[C@@H]2c2cc3c(cc21)OCO3,16490.44524,Hantaan virus
O=C(Nc1ccccn1)c1ccc2[nH]c(-c3ccc(NC(=O)C45CC6CC(CC(C6)C4)C5)cc3)nc2c1,20,Hantaan virus
O=C(Nc1ccc(-c2nc3cc(C(=O)NC45CC6CC(CC(C6)C4)C5)ccc3[nH]2)cc1)c1ccc(Cl)c(Cl)c1,6,Hantaan virus
O=C(Nc1ccc(-c2nc3cc(NC(=O)C4CCCCC4)ccc3[nH]2)cc1)c1ccc(Cl)c(Cl)c1,60,Hantaan virus
O=C(Nc1ccc(-c2nc3cc(C(=O)NC45CC6CC(C4)C(=O)C(C6)C5)ncc3[nH]2)cc1)c1ccc(Cl)cc1,135,Hantaan virus
O=C(Nc1ccccn1)c1cc2nc(-c3ccc(NC(=O)C45CC6CC(CC(C6)C4)C5)cc3)[nH]c2cn1,40,Hantaan virus
O=C(Nc1ccc(-c2nc3cc(NC(=O)C4CCCCC4)ncc3[nH]2)cc1)C1CCCCC1,20,Hantaan virus
O=C(Nc1ccc(-c2nc3cc(NC(=O)C45CC6CC(CC(C6)C4)C5)ncc3[nH]2)cc1)C12CC3CC(C1)C(O)C(C3)C2,60,Hantaan virus
O=C(Nc1ccc(-c2nc3cc(NC(=O)C45CC6CC(C4)C(O)C(C6)C5)ncc3[nH]2)cc1)C12CC3CC(CC(C3)C1)C2,60,Hantaan virus
O=C(NC12CC3CC(CC(C3)C1)C2)c1cc2nc(-c3ccc(NC(=O)C45CC6CC(CC(C6)C4)C5)cc3)[nH]c2cn1,60,Hantaan virus
O=C1C2CC3CC1CC(C(=O)Nc1ccc(-c4nc5cc(NC(=O)C67CC8CC(CC(C8)C6)C7)ncc5[nH]4)cc1)(C3)C2,200,Hantaan virus
O=C(Nc1ccc(-c2nc3cc(NC(=O)C4CCCCC4)ccc3[nH]2)cc1)C1CCCCC1,200,Hantaan virus
CC(=O)OC1C2CC3CC1CC(C(=O)Nc1ccc(-c4nc5cc(C(=O)Nc6ccccn6)ccc5[nH]4)cc1)(C3)C2,60,Hantaan virus
O=C(Nc1cc2nc(-c3ccc(NC(=O)C45CC6CC(CC(C6)C4)C5)cc3)[nH]c2cn1)c1ccccn1,60,Hantaan virus
O=C(Nc1ccccn1)c1ccc2[nH]c(-c3ccc(NC(=O)[C@]45CC6CC(C4)[C@@H](O)C(C6)C5)cc3)nc2c1,135,Hantaan virus
O=C(NC12CC3CC(CC(C3)C1)C2)c1ccc2[nH]c(-c3ccc(NC(=O)C45CC6CC(CC(C6)C4)C5)cc3)nc2c1,20,Hantaan virus
O=C(NC1CCCCC1)c1ccc2[nH]c(-c3ccc(NC(=O)C4CCCCC4)cc3)nc2c1,130,Hantaan virus
O=C(Nc1ccccn1)c1ccc2[nH]c(-c3ccc(NC(=O)C45CC6CC(CC(C6)C4)C5)cc3F)nc2c1,200,Hantaan virus
O=C(Nc1ccc(-c2nc3cc(NC(=O)C45CC6CC(CC(C6)C4)C5)ncc3[nH]2)cc1)C12CC3CC(CC(C3)C1)C2,6,Hantaan virus
O=C1C2CC3CC1CC(C(=O)Nc1ccc(-c4nc5cc(NC(=O)C67CC8CC(C6)C(=O)C(C8)C7)ncc5[nH]4)cc1)(C3)C2,200,Hantaan virus
O=C(Nc1ccc(-c2nc3cc(C(=O)NC45CC6CC(CC(C6)C4)C5)ncc3[nH]2)cc1)c1ccc(Cl)cc1,20,Hantaan virus
O=C(Nc1ccc(-c2nc3cc(NC(=O)C45CC6CC(CC(C6)C4)C5)ccc3[nH]2)cc1)C12CC3CC(CC(C3)C1)C2,60,Hantaan virus
O=C(NC12CC3CC(C1)C(=O)C(C3)C2)c1cc2nc(-c3ccc(NC(=O)C45CC6CC(CC(O)(C6)C4)C5)cc3)[nH]c2cn1,200,Hantaan virus
NC(=O)c1ncn([C@@H]2O[C@H](CO)[C@@H](O)[C@H]2O)n1,90000,Hantaan virus
NC(=O)c1nc(F)cnc1O,115000,Hantaan virus
O=C1N[C@@H]2C(=C[C@H](O)[C@@H](O)[C@H]2O)c2cc3c(cc21)OCO3,199.1347937,Hantaan virus
O=C1N[C@H]2[C@H](O)[C@H](O)[C@@H](O)C[C@H]2c2cc3c(cc21)OCO3,85242.77141,Hantaan virus
CO[C@@H]1C=C[C@@]23c4cc5c(cc4C(O)O[C@H]2CN(C)[C@H]3C1)OCO5,2474.575248,Hantaan virus
O=C1N[C@H]2[C@H](O)[C@H](O)[C@@H](O)[C@H](O)[C@@H]2c2cc3c(cc21)OCO3,5496.815081,Hantaan virus
CCN(CC)c1ccc(Oc2ccc(-c3[nH]c4cccc(F)c4c(=O)c3C)cc2F)cc1,300,Hantaan virus
